secao,metrica,dimensao,categoria,subcategoria,valor
Estatísticas descritivas,count,coluna,preco_unitario,,1000.0
Estatísticas descritivas,mean,coluna,preco_unitario,,55.67
Estatísticas descritivas,min,coluna,preco_unitario,,10.08
Estatísticas descritivas,25%,coluna,preco_unitario,,32.88
Estatísticas descritivas,50%,coluna,preco_unitario,,55.23
Estatísticas descritivas,75%,coluna,preco_unitario,,77.94
Estatísticas descritivas,max,coluna,preco_unitario,,99.96
Estatísticas descritivas,std,coluna,preco_unitario,,26.49
Estatísticas descritivas,count,coluna,quantidade,,1000.0
Estatísticas descritivas,mean,coluna,quantidade,,5.51
Estatísticas descritivas,min,coluna,quantidade,,1.0
Estatísticas descritivas,25%,coluna,quantidade,,3.0
Estatísticas descritivas,50%,coluna,quantidade,,5.0
Estatísticas descritivas,75%,coluna,quantidade,,8.0
Estatísticas descritivas,max,coluna,quantidade,,10.0
Estatísticas descritivas,std,coluna,quantidade,,2.92
Estatísticas descritivas,count,coluna,imposto,,1000.0
Estatísticas descritivas,mean,coluna,imposto,,15.38
Estatísticas descritivas,min,coluna,imposto,,0.51
Estatísticas descritivas,25%,coluna,imposto,,5.92
Estatísticas descritivas,50%,coluna,imposto,,12.09
Estatísticas descritivas,75%,coluna,imposto,,22.45
Estatísticas descritivas,max,coluna,imposto,,49.65
Estatísticas descritivas,std,coluna,imposto,,11.71
Estatísticas descritivas,count,coluna,valor_total,,1000.0
Estatísticas descritivas,mean,coluna,valor_total,,322.97
Estatísticas descritivas,min,coluna,valor_total,,10.68
Estatísticas descritivas,25%,coluna,valor_total,,124.42
Estatísticas descritivas,50%,coluna,valor_total,,253.85
Estatísticas descritivas,75%,coluna,valor_total,,471.35
Estatísticas descritivas,max,coluna,valor_total,,1042.65
Estatísticas descritivas,std,coluna,valor_total,,245.89
Estatísticas descritivas,count,coluna,data_venda,,1000.0
Estatísticas descritivas,mean,coluna,data_venda,,
Estatísticas descritivas,min,coluna,data_venda,,
Estatísticas descritivas,25%,coluna,data_venda,,
Estatísticas descritivas,50%,coluna,data_venda,,
Estatísticas descritivas,75%,coluna,data_venda,,
Estatísticas descritivas,max,coluna,data_venda,,
Estatísticas descritivas,std,coluna,data_venda,,
Estatísticas descritivas,count,coluna,custo_mercadoria,,1000.0
Estatísticas descritivas,mean,coluna,custo_mercadoria,,307.59
Estatísticas descritivas,min,coluna,custo_mercadoria,,10.17
Estatísticas descritivas,25%,coluna,custo_mercadoria,,118.5
Estatísticas descritivas,50%,coluna,custo_mercadoria,,241.76
Estatísticas descritivas,75%,coluna,custo_mercadoria,,448.9
Estatísticas descritivas,max,coluna,custo_mercadoria,,993.0
Estatísticas descritivas,std,coluna,custo_mercadoria,,234.18
Estatísticas descritivas,count,coluna,margem_percentual,,1000.0
Estatísticas descritivas,mean,coluna,margem_percentual,,4.76
Estatísticas descritivas,min,coluna,margem_percentual,,4.76
Estatísticas descritivas,25%,coluna,margem_percentual,,4.76
Estatísticas descritivas,50%,coluna,margem_percentual,,4.76
Estatísticas descritivas,75%,coluna,margem_percentual,,4.76
Estatísticas descritivas,max,coluna,margem_percentual,,4.76
Estatísticas descritivas,std,coluna,margem_percentual,,0.0
Estatísticas descritivas,count,coluna,receita_bruta,,1000.0
Estatísticas descritivas,mean,coluna,receita_bruta,,15.38
Estatísticas descritivas,min,coluna,receita_bruta,,0.51
Estatísticas descritivas,25%,coluna,receita_bruta,,5.92
Estatísticas descritivas,50%,coluna,receita_bruta,,12.09
Estatísticas descritivas,75%,coluna,receita_bruta,,22.45
Estatísticas descritivas,max,coluna,receita_bruta,,49.65
Estatísticas descritivas,std,coluna,receita_bruta,,11.71
Estatísticas descritivas,count,coluna,avaliacao,,1000.0
Estatísticas descritivas,mean,coluna,avaliacao,,6.97
Estatísticas descritivas,min,coluna,avaliacao,,4.0
Estatísticas descritivas,25%,coluna,avaliacao,,5.5
Estatísticas descritivas,50%,coluna,avaliacao,,7.0
Estatísticas descritivas,75%,coluna,avaliacao,,8.5
Estatísticas descritivas,max,coluna,avaliacao,,10.0
Estatísticas descritivas,std,coluna,avaliacao,,1.72
Estatísticas descritivas,count,coluna,mes,,1000.0
Estatísticas descritivas,mean,coluna,mes,,1.99
Estatísticas descritivas,min,coluna,mes,,1.0
Estatísticas descritivas,25%,coluna,mes,,1.0
Estatísticas descritivas,50%,coluna,mes,,2.0
Estatísticas descritivas,75%,coluna,mes,,3.0
Estatísticas descritivas,max,coluna,mes,,3.0
Estatísticas descritivas,std,coluna,mes,,0.84
Perfil do cliente,qtd_vendas,tipo_cliente / genero,Member,Female,356.0
Perfil do cliente,faturamento,tipo_cliente / genero,Member,Female,125206.14
Perfil do cliente,qtd_vendas,tipo_cliente / genero,Normal,Female,215.0
Perfil do cliente,faturamento,tipo_cliente / genero,Normal,Female,69465.7
Perfil do cliente,qtd_vendas,tipo_cliente / genero,Member,Male,209.0
Perfil do cliente,faturamento,tipo_cliente / genero,Member,Male,64488.63
Perfil do cliente,qtd_vendas,tipo_cliente / genero,Normal,Male,220.0
Perfil do cliente,faturamento,tipo_cliente / genero,Normal,Male,63806.28
Faturamento,faturamento,filial,Giza,,110568.71
Faturamento,participacao_percentual,filial,Giza,,34.24
Faturamento,faturamento,filial,Alex,,106200.37
Faturamento,participacao_percentual,filial,Alex,,32.88
Faturamento,faturamento,filial,Cairo,,106197.67
Faturamento,participacao_percentual,filial,Cairo,,32.88
Faturamento,faturamento,filial / tipo_cliente,Alex,Member,62895.78
Faturamento,faturamento,filial / tipo_cliente,Alex,Normal,43304.59
Faturamento,faturamento,filial / tipo_cliente,Cairo,Member,59824.17
Faturamento,faturamento,filial / tipo_cliente,Cairo,Normal,46373.5
Faturamento,faturamento,filial / tipo_cliente,Giza,Member,66974.82
Faturamento,faturamento,filial / tipo_cliente,Giza,Normal,43593.89
Faturamento,faturamento,linha_produto,Food and beverages,,56144.84
Faturamento,faturamento,linha_produto,Sports and travel,,55122.83
Faturamento,faturamento,linha_produto,Electronic accessories,,54337.53
Faturamento,faturamento,linha_produto,Fashion accessories,,54305.9
Faturamento,faturamento,linha_produto,Home and lifestyle,,53861.91
Faturamento,faturamento,linha_produto,Health and beauty,,49193.74
Vendas,qtd_vendas,filial,Alex,,340.0
Vendas,qtd_vendas,filial,Cairo,,332.0
Vendas,qtd_vendas,filial,Giza,,328.0
Vendas,maior_venda,id_venda,860-79-0874,Giza,1042.65
Vendas,valor_medio,geral,todas,,322.97
Vendas,qtd_vendas,forma_pagamento,Ewallet,,345.0
Vendas,qtd_vendas,forma_pagamento,Cash,,344.0
Vendas,qtd_vendas,forma_pagamento,Credit card,,311.0
Vendas,qtd_vendas,dia_semana,Sábado,,164.0
Vendas,qtd_vendas,dia_semana,Terça-feira,,158.0
Vendas,qtd_vendas,dia_semana,Quarta-feira,,143.0
Vendas,qtd_vendas,dia_semana,Sexta-feira,,139.0
Vendas,qtd_vendas,dia_semana,Quinta-feira,,138.0
Vendas,qtd_vendas,dia_semana,Domingo,,133.0
Vendas,qtd_vendas,dia_semana,Segunda-feira,,125.0
Desempenho,avaliacao_media,linha_produto,Food and beverages,,7.11
Desempenho,avaliacao_media,linha_produto,Fashion accessories,,7.03
Desempenho,avaliacao_media,linha_produto,Health and beauty,,7.0
Desempenho,avaliacao_media,linha_produto,Electronic accessories,,6.92
Desempenho,avaliacao_media,linha_produto,Sports and travel,,6.92
Desempenho,avaliacao_media,linha_produto,Home and lifestyle,,6.84
Desempenho,avaliacao_media,tipo_cliente,Normal,,7.04
Desempenho,avaliacao_media,tipo_cliente,Member,,6.92
